title,doi,year
Enhancing Large Language Model Integration in Integrated Development Environments,10.1145/3696630.3731471,2025
Statically Contextualizing Large Language Models with Typed Holes,10.1145/3689728,2024
CCCI: Code Completion with Contextual Information for Complex Data Transfer Tasks Using Large Language Models,10.1145/3756681.3756954,2025
Using a Large Language Model as a Building Block to Generate UsableValidation and Verification Suite for OpenMP,10.1145/3712031.3712331,2025
SPDZCoder: Combining Expert Knowledge with LLMs for Generating Privacy-Computing Code,10.1145/3845985,2026
Vibe Code Bench: Evaluating AI Models on End-to-End Web Application Development,10.1145/3786335.3813180,2026
CuFuzz: An API-Knowledge-Graph Coverage-Driven Fuzzing Framework for CUDA Libraries,10.1145/3808170,2026
Lessons from Building StackSpot AI: A Contextualized AI Coding Assistant,10.1145/3639477.3639751,2024
"Improving Indic code-mixed to monolingual translation using Mixed Script Augmentation, Generation & Transfer Learning",10.1145/3606695,2023
Harnessing SQL for Automated Web Development: An Interactive Learning Platform for Database Students,10.1145/3761843.3761919,2025
Varangian,10.1145/3524842.3528516,2022
Software cultivation using the artificial intelligence design framework,10.1145/1185448.1185636,2006
